Configuration,FN Cost,Test Balanced Acc,Test Sensitivity,Test Specificity
Baseline (1.0x),1.0,0.9194847020933977,0.9259259259259259,0.9130434782608695
FN Penalty 1.2x,1.2,0.9227053140096618,0.8888888888888888,0.9565217391304348
FN Penalty 1.4x,1.4,0.9227053140096618,0.8888888888888888,0.9565217391304348
FN Penalty 1.6x,1.6,0.9339774557165861,0.9259259259259259,0.9420289855072463
FN Penalty 1.8x,1.8,0.926731078904992,0.9259259259259259,0.927536231884058
FN Penalty 2.0x,2.0,0.926731078904992,0.9259259259259259,0.927536231884058
FN Penalty 2.2x,2.2,0.9194847020933977,0.9259259259259259,0.9130434782608695
FN Penalty 2.5x,2.5,0.9194847020933977,0.9259259259259259,0.9130434782608695
FN Penalty 3.0x,3.0,0.9235104669887279,0.9629629629629629,0.8840579710144928
